날짜,회사명,종목코드,종가,전일비,시가,고가,저가,거래량
2019-01-02,삼성전자,"005930",38750,50,39400,39400,38550,7847664
2019-01-03,삼성전자,"005930",37600,1150,38300,38550,37450,12471493
2019-01-04,삼성전자,"005930",37450,150,37450,37600,36850,14108958
2019-01-07,삼성전자,"005930",38750,1300,38000,38900,37800,12748997
2019-01-08,삼성전자,"005930",38100,650,38000,39200,37950,12756554
2019-01-09,삼성전자,"005930",39600,1500,38650,39600,38300,17452708
2019-01-10,삼성전자,"005930",39800,200,40000,40150,39600,14731699
2019-01-11,삼성전자,"005930",40500,700,40350,40550,39950,11661063
2019-01-14,삼성전자,"005930",40050,450,40450,40700,39850,11984996
2019-01-15,삼성전자,"005930",41100,1050,40050,41100,39850,11492756
2019-01-16,삼성전자,"005930",41450,350,41150,41450,40700,8491595
2019-01-17,삼성전자,"005930",41950,500,41700,42100,41450,11736903
2019-01-18,삼성전자,"005930",42300,350,42000,42400,41950,11029256
2019-01-21,삼성전자,"005930",42750,450,42700,42750,41900,11355701
2019-01-22,삼성전자,"005930",42150,600,42750,42850,41850,9964356
2019-01-23,삼성전자,"005930",42000,150,41350,42250,41350,11071079
2019-01-24,삼성전자,"005930",43050,1050,43050,43100,42350,14747623
2019-01-25,삼성전자,"005930",44750,1700,44300,44750,43750,22789395
2019-01-28,삼성전자,"005930",45050,300,45000,45500,44600,17998914
2019-01-29,삼성전자,"005930",45500,450,45050,45500,44350,16215017
2019-01-30,삼성전자,"005930",46400,900,44800,46400,44800,17505980
2019-01-31,삼성전자,"005930",46150,250,46650,47050,46150,21621145
2019-02-01,삼성전자,"005930",46350,200,46650,46950,46250,13832454
2019-02-07,삼성전자,"005930",46200,150,46800,47100,46200,15872001
2019-02-08,삼성전자,"005930",44800,1400,45700,45700,44650,12689196
2019-02-11,삼성전자,"005930",45000,200,44500,45000,44250,11125044
2019-02-12,삼성전자,"005930",46050,1050,44650,46250,44650,13184367
2019-02-13,삼성전자,"005930",46200,150,46400,46700,46000,11299738
2019-02-14,삼성전자,"005930",47500,1300,46600,47500,46150,17259341
2019-02-15,삼성전자,"005930",46050,1450,46750,46850,45650,10554643
2019-02-18,삼성전자,"005930",46200,150,46500,46850,45850,8183728
2019-02-19,삼성전자,"005930",45950,250,45850,46150,45450,6741395
2019-02-20,삼성전자,"005930",46900,950,46750,47100,46500,11506720
2019-02-21,삼성전자,"005930",46950,50,46500,47200,46200,8694009
2019-02-22,삼성전자,"005930",47150,200,46500,47150,46450,6895772
2019-02-25,삼성전자,"005930",47350,200,47400,47550,47050,7484716
2019-02-26,삼성전자,"005930",46750,600,47350,47450,46500,7985547
2019-02-27,삼성전자,"005930",46750,0,47000,47250,46750,8045211
2019-02-28,삼성전자,"005930",45100,1650,46400,46500,45100,23569321
2019-03-04,삼성전자,"005930",44850,250,46000,46100,44800,12926539
2019-03-05,삼성전자,"005930",44250,600,44600,45100,44150,10612405
2019-03-06,삼성전자,"005930",44000,250,44000,44300,43700,10202544
2019-03-07,삼성전자,"005930",44450,450,43400,44950,43400,11049749
2019-03-08,삼성전자,"005930",43800,650,44450,44800,43800,7729069
2019-03-11,삼성전자,"005930",43650,150,44400,44450,43650,10717408
2019-03-12,삼성전자,"005930",44650,1000,44300,44950,44150,11431977
2019-03-13,삼성전자,"005930",43850,800,44250,44450,43700,8108343
2019-03-14,삼성전자,"005930",43850,0,43700,44300,43550,18039161
2019-03-15,삼성전자,"005930",44200,350,43800,44250,43700,16814163
2019-03-18,삼성전자,"005930",43700,500,43950,44150,43450,8188876
2019-03-19,삼성전자,"005930",43900,200,43750,43900,43550,7609563
2019-03-20,삼성전자,"005930",44050,150,43800,44200,43100,9846242
2019-03-21,삼성전자,"005930",45850,1800,44600,46250,44050,21138016
2019-03-22,삼성전자,"005930",46550,700,46850,47000,46250,12535911
2019-03-25,삼성전자,"005930",45500,1050,45300,45650,44800,8699728
2019-03-26,삼성전자,"005930",45250,250,45500,45700,44900,9729811
2019-03-27,삼성전자,"005930",45350,100,44750,45600,44250,9568081
2019-03-28,삼성전자,"005930",44850,500,44950,45200,44300,6821306
2019-03-29,삼성전자,"005930",44650,200,44500,44900,44200,11491713
2019-04-01,삼성전자,"005930",45050,400,45200,45450,44850,7362129
2019-04-02,삼성전자,"005930",45750,700,45550,46100,45350,9480688
2019-04-03,삼성전자,"005930",46600,850,46750,46750,45800,12436570
2019-04-04,삼성전자,"005930",46950,350,46150,47100,46150,12650168
2019-04-05,삼성전자,"005930",46850,100,46950,47550,46600,8546339
2019-04-08,삼성전자,"005930",46650,200,47250,47250,46150,8507909
2019-04-09,삼성전자,"005930",46650,0,46700,46950,46200,6878761
2019-04-10,삼성전자,"005930",46700,50,46400,46700,46050,11883995
2019-04-11,삼성전자,"005930",46250,450,46700,46800,46150,13697399
2019-04-12,삼성전자,"005930",46850,600,46050,46900,46000,7668936
2019-04-15,삼성전자,"005930",47050,200,47150,47500,47000,8733019
2019-04-16,삼성전자,"005930",47250,200,47400,47400,46800,7730881
2019-04-17,삼성전자,"005930",47050,200,47300,47600,47000,5513658
2019-04-18,삼성전자,"005930",45600,1450,47200,47250,45500,12808747
2019-04-19,삼성전자,"005930",45300,300,45750,46000,45250,8479710
2019-04-22,삼성전자,"005930",45350,50,45400,45900,45100,6006957
2019-04-23,삼성전자,"005930",45200,150,45050,45500,45000,6920566
2019-04-24,삼성전자,"005930",44750,450,45400,45650,44150,13299267
2019-04-25,삼성전자,"005930",44650,100,44250,45000,44100,10868965
2019-04-26,삼성전자,"005930",44850,200,44200,45000,43800,9739982
2019-04-29,삼성전자,"005930",46150,1300,45150,46150,45100,8777517
2019-04-30,삼성전자,"005930",45850,300,46000,46300,45350,11121273
2019-05-02,삼성전자,"005930",45900,50,45500,46150,45400,8625126
2019-05-03,삼성전자,"005930",45300,600,45900,46050,45300,6562916
2019-05-07,삼성전자,"005930",44850,450,45250,45300,44400,12014907
2019-05-08,삼성전자,"005930",44250,600,44300,44850,44200,10398754
2019-05-09,삼성전자,"005930",42450,1800,43900,44250,42450,23029718
2019-05-10,삼성전자,"005930",42900,450,42600,43450,42450,14579512
2019-05-13,삼성전자,"005930",42650,250,42500,43200,42350,7635079
2019-05-14,삼성전자,"005930",42650,0,41300,43100,41300,11563730
2019-05-15,삼성전자,"005930",42550,100,42700,43050,42550,7670185
2019-05-16,삼성전자,"005930",41550,1000,42350,42400,41350,13687828
2019-05-17,삼성전자,"005930",41200,350,41950,42050,40850,13357951
2019-05-20,삼성전자,"005930",42000,800,41650,42100,41550,15752397
2019-05-21,삼성전자,"005930",43150,1150,42600,43950,42350,18812133
2019-05-22,삼성전자,"005930",43500,350,43700,43800,42400,11033339
2019-05-23,삼성전자,"005930",43850,350,43900,44000,43250,12259006
2019-05-24,삼성전자,"005930",42700,1150,43800,43800,42400,13966305
2019-05-27,삼성전자,"005930",42650,50,42500,43000,42350,8066669
2019-05-28,삼성전자,"005930",42550,100,42550,42950,42150,24506881
2019-05-29,삼성전자,"005930",41800,750,41850,42100,41300,14930618
2019-05-30,삼성전자,"005930",42550,750,42200,42700,42150,11766018
2019-05-31,삼성전자,"005930",42500,50,42600,42800,42150,11365999
2019-06-03,삼성전자,"005930",43800,1300,42950,43900,42500,15466580
2019-06-04,삼성전자,"005930",43450,350,43400,43700,43000,9913497
2019-06-05,삼성전자,"005930",43900,450,44050,44200,43700,12464135
2019-06-07,삼성전자,"005930",44200,300,43600,44350,43450,11683682
2019-06-10,삼성전자,"005930",44800,600,44300,44850,44050,8792182
2019-06-11,삼성전자,"005930",44850,50,44800,45000,44550,6664872
2019-06-12,삼성전자,"005930",44600,250,44800,45050,44300,8607439
2019-06-13,삼성전자,"005930",43750,850,44200,44400,43400,16906541
2019-06-14,삼성전자,"005930",44000,250,43750,44150,43300,9322873
2019-06-17,삼성전자,"005930",43900,100,43750,44050,43400,11890424
2019-06-18,삼성전자,"005930",44350,450,43750,44500,43650,7994928
2019-06-19,삼성전자,"005930",45350,1000,45450,45450,45000,10417690
2019-06-20,삼성전자,"005930",45500,150,44850,45500,44850,7147785
2019-06-21,삼성전자,"005930",45700,200,45750,45800,45200,9454913
2019-06-24,삼성전자,"005930",45500,200,45200,45800,45200,6085066
2019-06-25,삼성전자,"005930",45600,100,45200,45800,45200,7076774
2019-06-26,삼성전자,"005930",45700,100,45800,46000,45600,9226097
2019-06-27,삼성전자,"005930",46500,800,46000,46600,45750,12603534
2019-06-28,삼성전자,"005930",47000,500,47000,47000,46700,12949231
2019-07-01,삼성전자,"005930",46600,400,47350,47400,46250,11383522
2019-07-02,삼성전자,"005930",46250,350,46200,46900,45850,8463073
2019-07-03,삼성전자,"005930",45400,850,45750,46350,45200,9669368
2019-07-04,삼성전자,"005930",46000,600,45250,46200,45250,6365573
2019-07-05,삼성전자,"005930",45650,350,45950,45950,45250,7235395
2019-07-08,삼성전자,"005930",44400,1250,44750,44800,44350,7823843
2019-07-09,삼성전자,"005930",45100,700,44850,45450,44700,7646421
2019-07-10,삼성전자,"005930",45550,450,45550,46150,45500,9253930
2019-07-11,삼성전자,"005930",46200,650,46350,46550,46150,10989751
2019-07-12,삼성전자,"005930",46300,100,46350,46400,45800,5245804
2019-07-15,삼성전자,"005930",46450,150,45950,46650,45750,4717226
2019-07-16,삼성전자,"005930",46850,400,46450,46850,46300,7407824
2019-07-17,삼성전자,"005930",46050,800,46150,46350,45950,5216602
2019-07-18,삼성전자,"005930",46100,50,46450,46450,45650,5143554
2019-07-19,삼성전자,"005930",46800,700,46650,46950,46600,8819393
2019-07-22,삼성전자,"005930",47200,400,46800,47300,46600,9009109
2019-07-23,삼성전자,"005930",47300,100,47350,47550,47050,9061381
2019-07-24,삼성전자,"005930",46400,900,47100,47150,46250,8756522
2019-07-25,삼성전자,"005930",47200,800,47150,47200,46600,8408838
2019-07-26,삼성전자,"005930",47150,50,46650,47150,46550,7873886
2019-07-29,삼성전자,"005930",46100,1050,46800,47050,46000,6856846
2019-07-30,삼성전자,"005930",46550,450,46300,46850,46300,5551014
2019-07-31,삼성전자,"005930",45350,1200,46200,46600,45000,12872916
2019-08-01,삼성전자,"005930",45200,150,44900,45500,44850,7811181
2019-08-02,삼성전자,"005930",44950,250,44550,45500,44300,12151374
2019-08-05,삼성전자,"005930",43950,1000,44350,44600,43600,14214086
2019-08-06,삼성전자,"005930",43500,450,42500,43800,42500,15083824
2019-08-07,삼성전자,"005930",43200,300,43600,43900,43100,10002533
2019-08-08,삼성전자,"005930",42650,550,43250,43500,42650,16926881
2019-08-09,삼성전자,"005930",43150,500,43250,43350,43050,9685147
2019-08-12,삼성전자,"005930",43700,550,44000,44000,43550,8466169
2019-08-13,삼성전자,"005930",43000,700,43500,43500,42950,7276979
2019-08-14,삼성전자,"005930",43700,700,43900,44250,43500,8750135
2019-08-16,삼성전자,"005930",43900,200,43800,43900,43300,9528115
2019-08-19,삼성전자,"005930",43600,300,44350,44350,43500,6014218
2019-08-20,삼성전자,"005930",44450,850,43950,44600,43550,8434205
2019-08-21,삼성전자,"005930",44500,50,44350,44800,44150,6571717
2019-08-22,삼성전자,"005930",44050,450,44500,44700,43850,8061177
2019-08-23,삼성전자,"005930",43950,100,43800,44200,43650,5017381
2019-08-26,삼성전자,"005930",43600,350,43050,43800,42950,7954949
2019-08-27,삼성전자,"005930",44050,450,43650,44200,43600,16883932
2019-08-28,삼성전자,"005930",44150,100,44100,44400,43750,5758333
2019-08-29,삼성전자,"005930",43400,750,44200,44200,43050,10768862
2019-08-30,삼성전자,"005930",44000,600,43750,44300,43750,9899073
2019-09-02,삼성전자,"005930",43800,200,44850,44850,43650,7185537
2019-09-03,삼성전자,"005930",43250,550,43550,43650,43100,9774941
2019-09-04,삼성전자,"005930",44100,850,43250,44100,43150,12441837
2019-09-05,삼성전자,"005930",45700,1600,44800,46100,44450,18297430
2019-09-06,삼성전자,"005930",46300,600,46500,46500,45850,9896562
2019-09-09,삼성전자,"005930",46900,600,46450,47000,46300,9434157
2019-09-10,삼성전자,"005930",47000,100,47100,47200,46550,9231792
2019-09-11,삼성전자,"005930",47150,150,47300,47400,46800,16141619
2019-09-16,삼성전자,"005930",47100,50,47000,47100,46400,15550926
2019-09-17,삼성전자,"005930",46900,200,47000,47100,46800,7006280
2019-09-18,삼성전자,"005930",47450,550,46900,47500,46800,3451947
2019-01-02,SK하이닉스,"000660",60600,100,61300,61400,60000,1934295
2019-01-03,SK하이닉스,"000660",57700,2900,60200,60300,57500,3337621
2019-01-04,SK하이닉스,"000660",58300,600,57500,58500,56700,3388087
2019-01-07,SK하이닉스,"000660",58700,400,59000,59700,58400,2273750
2019-01-08,SK하이닉스,"000660",59200,500,57900,60500,57600,3062192
2019-01-09,SK하이닉스,"000660",63600,4400,59600,63800,59400,4928656
2019-01-10,SK하이닉스,"000660",65300,1700,64100,65600,64000,6034432
2019-01-11,SK하이닉스,"000660",65100,200,65400,65900,64200,2890639
2019-01-14,SK하이닉스,"000660",62100,3000,64300,65100,62000,3282892
2019-01-15,SK하이닉스,"000660",64000,1900,62200,64000,62200,2413868
2019-01-16,SK하이닉스,"000660",64800,800,63800,64900,62700,2478497
2019-01-17,SK하이닉스,"000660",64900,100,65500,66200,64600,2830122
2019-01-18,SK하이닉스,"000660",64600,300,65000,65700,63900,2263599
2019-01-21,SK하이닉스,"000660",67000,2400,65900,67400,65000,3977425
2019-01-22,SK하이닉스,"000660",66600,400,67900,68000,65700,4047917
2019-01-23,SK하이닉스,"000660",66800,200,65500,67200,64800,2825017
2019-01-24,SK하이닉스,"000660",70500,3700,66900,70500,66900,6914092
2019-01-25,SK하이닉스,"000660",74600,4100,71600,74800,71100,7163871
2019-01-28,SK하이닉스,"000660",71800,2800,74700,74900,71200,4972189
2019-01-29,SK하이닉스,"000660",73400,1600,71400,73800,71000,3368642
2019-01-30,SK하이닉스,"000660",75900,2500,73500,76300,73000,5304841
2019-01-31,SK하이닉스,"000660",73900,2000,76900,77100,73700,4447535
2019-02-01,SK하이닉스,"000660",75900,2000,75400,76400,74700,3349965
2019-02-07,SK하이닉스,"000660",76700,800,77500,78200,76600,4249110
2019-02-08,SK하이닉스,"000660",73500,3200,75200,75500,73000,4012485
2019-02-11,SK하이닉스,"000660",74100,600,73000,74100,72200,3374192
2019-02-12,SK하이닉스,"000660",75900,1800,74100,76400,73900,3526701
2019-02-13,SK하이닉스,"000660",76200,300,77300,77600,76100,2378193
2019-02-14,SK하이닉스,"000660",77400,1200,75800,77400,75100,2313376
2019-02-15,SK하이닉스,"000660",73800,3600,76800,76900,73800,4154616
2019-02-18,SK하이닉스,"000660",74700,900,74300,75300,74000,1772434
2019-02-19,SK하이닉스,"000660",73700,1000,74500,74800,73000,1462071
2019-02-20,SK하이닉스,"000660",75700,2000,73700,76000,73600,3134257
2019-02-21,SK하이닉스,"000660",76700,1000,75300,77200,74600,2874589
2019-02-22,SK하이닉스,"000660",76700,0,75600,76700,75300,1882653
2019-02-25,SK하이닉스,"000660",75400,1300,77300,77600,74800,2865712
2019-02-26,SK하이닉스,"000660",75200,200,75000,75900,74100,2483512
2019-02-27,SK하이닉스,"000660",73700,1500,75300,75700,73700,2864044
2019-02-28,SK하이닉스,"000660",70000,3700,72500,72600,69900,7869451
2019-03-04,SK하이닉스,"000660",70100,100,70300,71400,69900,4931703
2019-03-05,SK하이닉스,"000660",69700,400,68300,70000,68300,3465521
2019-03-06,SK하이닉스,"000660",68100,1600,68500,69600,67400,4958303
2019-03-07,SK하이닉스,"000660",68100,0,67200,68900,67100,3402570
2019-03-08,SK하이닉스,"000660",66700,1400,67900,68200,66200,3571792
2019-03-11,SK하이닉스,"000660",66600,100,67000,67800,66200,2869008
2019-03-12,SK하이닉스,"000660",67700,1100,67700,68600,67500,2753535
2019-03-13,SK하이닉스,"000660",66800,900,67700,67800,65900,2851596
2019-03-14,SK하이닉스,"000660",67300,500,67400,67400,66400,3107100
2019-03-15,SK하이닉스,"000660",68100,800,67400,68700,66700,3645592
2019-03-18,SK하이닉스,"000660",67800,300,69200,69300,67300,2158588
2019-03-19,SK하이닉스,"000660",68000,200,67300,68000,66600,2285169
2019-03-20,SK하이닉스,"000660",70500,2500,68400,70600,67600,3642962
2019-03-21,SK하이닉스,"000660",75900,5400,73500,76000,72600,10030131
2019-03-22,SK하이닉스,"000660",76100,200,78900,78900,75900,5286455
2019-03-25,SK하이닉스,"000660",72900,3200,73700,74200,72600,3752230
2019-03-26,SK하이닉스,"000660",72700,200,72900,73300,71500,2987678
2019-03-27,SK하이닉스,"000660",73400,700,71800,74100,71200,2744175
2019-03-28,SK하이닉스,"000660",72300,1100,72300,73600,71700,2774932
2019-03-29,SK하이닉스,"000660",74200,1900,72900,74900,72700,3214170
2019-04-01,SK하이닉스,"000660",76600,2400,75600,77100,75500,3579070
2019-04-02,SK하이닉스,"000660",76400,200,77900,78000,76100,2719440
2019-04-03,SK하이닉스,"000660",79900,3500,76800,79900,76500,4674142
2019-04-04,SK하이닉스,"000660",78400,1500,80400,81400,77800,5436236
2019-04-05,SK하이닉스,"000660",79000,600,78200,79300,77900,2191720
2019-04-08,SK하이닉스,"000660",77900,1100,78900,79200,77600,2663493
2019-04-09,SK하이닉스,"000660",77800,100,77700,78700,77400,2322860
2019-04-10,SK하이닉스,"000660",78600,800,76700,78800,76200,2689591
2019-04-11,SK하이닉스,"000660",78400,200,79200,79500,78000,2614388
2019-04-12,SK하이닉스,"000660",78100,300,77400,78800,77400,2317264
2019-04-15,SK하이닉스,"000660",79700,1600,79000,79900,78600,2019931
2019-04-16,SK하이닉스,"000660",80400,700,79900,80800,79100,2206997
2019-04-17,SK하이닉스,"000660",80200,200,81000,82300,80000,2886956
2019-04-18,SK하이닉스,"000660",79200,1000,80800,81200,78500,3295697
2019-04-19,SK하이닉스,"000660",81800,2600,80500,82400,80100,3040186
2019-04-22,SK하이닉스,"000660",80500,1300,81500,81800,79900,1887109
2019-04-23,SK하이닉스,"000660",81000,500,81000,81800,80400,1779318
2019-04-24,SK하이닉스,"000660",78500,2500,81500,81500,77500,5318487
2019-04-25,SK하이닉스,"000660",80200,1700,78400,81500,78100,5586360
2019-04-26,SK하이닉스,"000660",78600,1600,78500,79900,77600,5183181
2019-04-29,SK하이닉스,"000660",80000,1400,78700,80100,78200,2987384
2019-04-30,SK하이닉스,"000660",79000,1000,79400,80700,78100,2960242
2019-05-02,SK하이닉스,"000660",80700,1700,79700,81200,79100,3092434
2019-05-03,SK하이닉스,"000660",80400,300,81100,81300,80300,2481811
2019-05-07,SK하이닉스,"000660",79900,500,79200,80400,78700,2700371
2019-05-08,SK하이닉스,"000660",80300,400,78700,80500,78000,2731620
2019-05-09,SK하이닉스,"000660",76000,4300,79600,79700,75200,5939278
2019-05-10,SK하이닉스,"000660",74400,1600,76100,76700,73400,5702537
2019-05-13,SK하이닉스,"000660",73500,900,73900,75000,72800,3062929
2019-05-14,SK하이닉스,"000660",74600,1100,72200,75100,71600,3712697
2019-05-15,SK하이닉스,"000660",74500,100,74800,75100,73900,2056131
2019-05-16,SK하이닉스,"000660",71900,2600,74400,75100,71600,3467027
2019-05-17,SK하이닉스,"000660",71600,300,72500,73300,71400,2412668
2019-05-20,SK하이닉스,"000660",70900,700,71800,72800,70700,1970694
2019-05-21,SK하이닉스,"000660",70300,600,70500,72200,69700,3893536
2019-05-22,SK하이닉스,"000660",68900,1400,71300,71300,68500,3128787
2019-05-23,SK하이닉스,"000660",68000,900,68400,69100,67300,3108370
2019-05-24,SK하이닉스,"000660",67600,400,67300,68600,67000,3339145
2019-05-27,SK하이닉스,"000660",66900,700,67900,68200,66400,2214176
2019-05-28,SK하이닉스,"000660",65900,1000,67200,68300,65900,12052399
2019-05-29,SK하이닉스,"000660",66100,200,65600,66700,64900,6056903
2019-05-30,SK하이닉스,"000660",65900,200,66300,66900,65800,3023108
2019-05-31,SK하이닉스,"000660",65300,600,65900,66900,64700,3191350
2019-06-03,SK하이닉스,"000660",66600,1300,65200,67200,64200,4020572
2019-06-04,SK하이닉스,"000660",65100,1500,66500,66700,65100,2892681
2019-06-05,SK하이닉스,"000660",65100,0,66900,67600,64900,4832796
2019-06-07,SK하이닉스,"000660",65400,300,65200,66000,64600,2355869
2019-06-10,SK하이닉스,"000660",66800,1400,66100,67000,65800,3091757
2019-06-11,SK하이닉스,"000660",67200,400,66900,67800,66700,2429182
2019-06-12,SK하이닉스,"000660",65700,1500,66800,67100,65700,2437640
2019-06-13,SK하이닉스,"000660",63500,2200,64900,65100,63300,5947811
2019-06-14,SK하이닉스,"000660",63100,400,63200,64000,62600,3686472
2019-06-17,SK하이닉스,"000660",63700,600,62800,63800,62400,2435039
2019-06-18,SK하이닉스,"000660",63400,300,63800,64200,63300,1549497
2019-06-19,SK하이닉스,"000660",67200,3800,65800,67300,65200,6230370
2019-06-20,SK하이닉스,"000660",67300,100,67200,67400,66200,2773637
2019-06-21,SK하이닉스,"000660",65900,1400,67100,67300,65900,2403002
2019-06-24,SK하이닉스,"000660",66900,1000,65900,67400,65600,2164462
2019-06-25,SK하이닉스,"000660",66700,200,66700,67400,66300,1873766
2019-06-26,SK하이닉스,"000660",68900,2200,68300,69600,67900,5024201
2019-06-27,SK하이닉스,"000660",70200,1300,70100,71600,69700,5361201
2019-06-28,SK하이닉스,"000660",69500,700,70900,70900,68400,3117569
2019-07-01,SK하이닉스,"000660",70000,500,71000,71000,69700,3538183
2019-07-02,SK하이닉스,"000660",71400,1400,69700,71700,69100,2495399
2019-07-03,SK하이닉스,"000660",69100,2300,71100,71700,69000,2790684
2019-07-04,SK하이닉스,"000660",70200,1100,69600,70700,69300,1503707
2019-07-05,SK하이닉스,"000660",68400,1800,70300,71000,68400,2043271
2019-07-08,SK하이닉스,"000660",67400,1000,66400,68000,66200,2202260
2019-07-09,SK하이닉스,"000660",69800,2400,68400,70500,67900,2912514
2019-07-10,SK하이닉스,"000660",72900,3100,71500,73400,71000,4346179
2019-07-11,SK하이닉스,"000660",75500,2600,74000,75500,74000,5111929
2019-07-12,SK하이닉스,"000660",74700,800,75600,75800,74400,2638271
2019-07-15,SK하이닉스,"000660",76200,1500,74500,76500,74400,2122090
2019-07-16,SK하이닉스,"000660",76100,100,74800,76500,74800,2450278
2019-07-17,SK하이닉스,"000660",74600,1500,74600,75200,74000,2805672
2019-07-18,SK하이닉스,"000660",74700,100,74300,75200,73900,1902110
2019-07-19,SK하이닉스,"000660",76800,2100,75900,77000,75600,2635348
2019-07-22,SK하이닉스,"000660",78400,1600,77800,79200,77000,3213786
2019-07-23,SK하이닉스,"000660",78800,400,79700,80700,78200,4814941
2019-07-24,SK하이닉스,"000660",77600,1200,78800,80200,77100,3562342
2019-07-25,SK하이닉스,"000660",79200,1600,79700,80400,77700,3963383
2019-07-26,SK하이닉스,"000660",79800,600,78100,80300,78000,3095260
2019-07-29,SK하이닉스,"000660",77000,2800,79000,79400,76500,2616782
2019-07-30,SK하이닉스,"000660",78900,1900,78200,80000,77700,2371300
2019-07-31,SK하이닉스,"000660",76900,2000,78000,79100,75300,3712241
2019-08-01,SK하이닉스,"000660",77700,800,75300,78700,75300,3397831
2019-08-02,SK하이닉스,"000660",76100,1600,75400,76800,74900,4845952
2019-08-05,SK하이닉스,"000660",75400,700,75500,76000,74900,2889902
2019-08-06,SK하이닉스,"000660",72000,3400,73100,73900,71900,5008247
2019-08-07,SK하이닉스,"000660",73300,1300,72000,74300,72000,2692841
2019-08-08,SK하이닉스,"000660",72300,1000,73600,74500,72000,2943206
2019-08-09,SK하이닉스,"000660",73300,1000,73200,74100,72300,2100380
2019-08-12,SK하이닉스,"000660",74500,1200,73700,75000,73500,1254926
2019-08-13,SK하이닉스,"000660",74500,0,74000,75100,73700,1304708
2019-08-14,SK하이닉스,"000660",76900,2400,77200,77900,76200,2561643
2019-08-16,SK하이닉스,"000660",76400,500,75800,76400,75100,2015785
2019-08-19,SK하이닉스,"000660",75100,1300,77300,77500,74800,1591728
2019-08-20,SK하이닉스,"000660",76400,1300,75500,76600,75100,1694275
2019-08-21,SK하이닉스,"000660",75800,600,75900,76900,75500,1898789
2019-08-22,SK하이닉스,"000660",73800,2000,75300,76000,73800,2309550
2019-08-23,SK하이닉스,"000660",74400,600,73500,75200,73400,1695532
2019-08-26,SK하이닉스,"000660",71800,2600,72600,73000,71500,2645491
2019-08-27,SK하이닉스,"000660",73000,1200,72500,73700,72500,2512610
2019-08-28,SK하이닉스,"000660",73300,300,73500,73700,72500,1380522
2019-08-29,SK하이닉스,"000660",73300,0,73500,74100,72000,2050860
2019-08-30,SK하이닉스,"000660",77400,4100,74600,78000,74600,3839246
2019-09-02,SK하이닉스,"000660",77600,200,77000,78200,76500,1431352
2019-09-03,SK하이닉스,"000660",77000,600,77200,77600,76300,1611563
2019-09-04,SK하이닉스,"000660",80000,3000,77400,80000,77300,2723541
2019-09-05,SK하이닉스,"000660",83000,3000,81400,83000,81200,4068631
2019-09-06,SK하이닉스,"000660",81900,1100,84000,84000,81500,2418057
2019-09-09,SK하이닉스,"000660",84300,2400,83100,84600,82500,2642174
2019-09-10,SK하이닉스,"000660",83100,1200,84200,84200,82700,1761883
2019-09-11,SK하이닉스,"000660",82600,500,83400,84300,81300,3650902
2019-09-16,SK하이닉스,"000660",79500,3100,81000,81000,79000,5174391
2019-09-17,SK하이닉스,"000660",79400,100,80000,80400,79100,2538780
2019-09-18,SK하이닉스,"000660",80000,600,80100,80500,79500,870817
2019-01-02,LG이노텍,"011070",83700,2700,87200,87700,83700,155940
2019-01-03,LG이노텍,"011070",81700,2000,82000,83800,80000,375530
2019-01-04,LG이노텍,"011070",81300,400,80700,82000,80400,133884
2019-01-07,LG이노텍,"011070",85600,4300,82300,86200,82300,226083
2019-01-08,LG이노텍,"011070",84000,1600,85400,86200,83900,74154
2019-01-09,LG이노텍,"011070",86600,2600,84500,87000,84400,105099
2019-01-10,LG이노텍,"011070",85700,900,86500,86800,84700,165084
2019-01-11,LG이노텍,"011070",88800,3100,86800,89800,86100,224683
2019-01-14,LG이노텍,"011070",86500,2300,88900,88900,86100,196393
2019-01-15,LG이노텍,"011070",90100,3600,87400,90900,86700,232747
2019-01-16,LG이노텍,"011070",92500,2400,90900,92800,90600,249872
2019-01-17,LG이노텍,"011070",91700,800,92900,92900,91400,168659
2019-01-18,LG이노텍,"011070",92400,700,92400,92400,91500,123423
2019-01-21,LG이노텍,"011070",90900,1500,92400,93000,90400,201322
2019-01-22,LG이노텍,"011070",92200,1300,90900,94100,90900,160754
2019-01-23,LG이노텍,"011070",93000,800,91700,93300,91700,109071
2019-01-24,LG이노텍,"011070",95400,2400,93000,95400,92400,161807
2019-01-25,LG이노텍,"011070",96100,700,95400,96900,95000,220356
2019-01-28,LG이노텍,"011070",92800,3300,95800,95800,91800,398958
2019-01-29,LG이노텍,"011070",96000,3200,92600,96000,92300,316531
2019-01-30,LG이노텍,"011070",98200,2200,98300,101000,98000,582308
2019-01-31,LG이노텍,"011070",97500,700,101000,101000,96900,265734
2019-02-01,LG이노텍,"011070",99500,2000,98700,100500,98700,238390
2019-02-07,LG이노텍,"011070",104500,5000,100500,105000,100500,363088
2019-02-08,LG이노텍,"011070",102000,2500,103000,103500,101500,159846
2019-02-11,LG이노텍,"011070",104500,2500,102500,104500,101000,202690
2019-02-12,LG이노텍,"011070",107000,2500,104500,109000,104500,373136
2019-02-13,LG이노텍,"011070",106500,500,109000,110500,106500,242182
2019-02-14,LG이노텍,"011070",107500,1000,108500,109000,103500,233256
2019-02-15,LG이노텍,"011070",105000,2500,106500,107000,103500,138477
2019-02-18,LG이노텍,"011070",106500,1500,106500,107500,105000,155089
2019-02-19,LG이노텍,"011070",106500,0,106500,108500,106000,82481
2019-02-20,LG이노텍,"011070",107000,500,107500,107500,106000,88988
2019-02-21,LG이노텍,"011070",104000,3000,106000,107000,101000,240822
2019-02-22,LG이노텍,"011070",103500,500,103500,104000,100000,228078
2019-02-25,LG이노텍,"011070",105500,2000,104500,106500,103500,131452
2019-02-26,LG이노텍,"011070",105500,0,104500,106000,103500,63477
2019-02-27,LG이노텍,"011070",108500,3000,106000,109500,105500,199972
2019-02-28,LG이노텍,"011070",108000,500,109000,109000,107000,207967
2019-03-04,LG이노텍,"011070",109000,1000,108000,110000,106500,195745
2019-03-05,LG이노텍,"011070",110000,1000,109500,110000,108000,126328
2019-03-06,LG이노텍,"011070",110000,0,110500,111000,107000,118386
2019-03-07,LG이노텍,"011070",107500,2500,110000,110000,107000,104865
2019-03-08,LG이노텍,"011070",107000,500,107500,108500,107000,102082
2019-03-11,LG이노텍,"011070",109000,2000,107500,110500,107500,95992
2019-03-12,LG이노텍,"011070",106000,3000,110000,111500,105000,159766
2019-03-13,LG이노텍,"011070",106500,500,105500,107500,105500,69881
2019-03-14,LG이노텍,"011070",109000,2500,107000,110000,106500,235053
2019-03-15,LG이노텍,"011070",106000,3000,109500,110000,104000,216775
2019-03-18,LG이노텍,"011070",100000,6000,105500,105500,99900,319351
2019-03-19,LG이노텍,"011070",101000,1000,99700,102000,99700,139497
2019-03-20,LG이노텍,"011070",99500,1500,100500,101000,97900,208482
2019-03-21,LG이노텍,"011070",109000,9500,99900,109000,99600,485145
2019-03-22,LG이노텍,"011070",111000,2000,110000,112500,107500,241307
2019-03-25,LG이노텍,"011070",107500,3500,108000,109500,106500,77233
2019-03-26,LG이노텍,"011070",108000,500,108500,109500,107000,61798
2019-03-27,LG이노텍,"011070",111500,3500,109000,112000,107000,171686
2019-03-28,LG이노텍,"011070",112500,1000,111000,116500,109500,358975
2019-03-29,LG이노텍,"011070",117500,5000,114500,118000,113000,367818
2019-04-01,LG이노텍,"011070",117500,0,117500,120500,117000,158104
2019-04-02,LG이노텍,"011070",115000,2500,117500,118000,115000,129277
2019-04-03,LG이노텍,"011070",121500,6500,115000,122000,115000,352158
2019-04-04,LG이노텍,"011070",119500,2000,121500,122500,119000,155477
2019-04-05,LG이노텍,"011070",121500,2000,120000,123000,120000,211918
2019-04-08,LG이노텍,"011070",117000,4500,121500,122000,116500,147712
2019-04-09,LG이노텍,"011070",122500,5500,116500,123000,116500,215647
2019-04-10,LG이노텍,"011070",125500,3000,122500,125500,120500,197668
2019-04-11,LG이노텍,"011070",125000,500,125500,126500,124000,129038
2019-04-12,LG이노텍,"011070",122000,3000,124500,124500,120000,193473
2019-04-15,LG이노텍,"011070",120500,1500,122000,122000,119000,121268
2019-04-16,LG이노텍,"011070",121500,1000,121500,123500,119500,70756
2019-04-17,LG이노텍,"011070",129500,8000,121000,130500,120500,472931
2019-04-18,LG이노텍,"011070",126500,3000,129000,129000,125000,129888
2019-04-19,LG이노텍,"011070",124500,2000,126500,127000,124500,71262
2019-04-22,LG이노텍,"011070",121000,3500,125500,126000,117500,252077
2019-04-23,LG이노텍,"011070",122000,1000,121500,123500,117500,141557
2019-04-24,LG이노텍,"011070",120500,1500,125000,128000,119500,365544
2019-04-25,LG이노텍,"011070",121000,500,120000,123000,119000,122030
2019-04-26,LG이노텍,"011070",120000,1000,119500,120500,118000,147256
2019-04-29,LG이노텍,"011070",122000,2000,120500,125000,119000,174867
2019-04-30,LG이노텍,"011070",122500,500,122500,123500,120500,103300
2019-05-02,LG이노텍,"011070",126000,3500,126000,129000,125000,314785
2019-05-03,LG이노텍,"011070",121000,5000,126000,126000,121000,185815
2019-05-07,LG이노텍,"011070",117500,3500,118500,120000,117000,107943
2019-05-08,LG이노텍,"011070",116000,1500,115500,118000,114500,125987
2019-05-09,LG이노텍,"011070",111500,4500,115500,118000,111500,203346
2019-05-10,LG이노텍,"011070",112500,1000,112000,115500,110000,119534
2019-05-13,LG이노텍,"011070",109500,3000,111000,114500,109000,93761
2019-05-14,LG이노텍,"011070",109000,500,107000,109500,105500,214298
2019-05-15,LG이노텍,"011070",113000,4000,109500,114000,109500,101063
2019-05-16,LG이노텍,"011070",108000,5000,111500,112500,106500,139802
2019-05-17,LG이노텍,"011070",106000,2000,108500,110500,106000,100616
2019-05-20,LG이노텍,"011070",103000,3000,106000,108000,103000,162660
2019-05-21,LG이노텍,"011070",103000,0,101500,105000,101000,173397
2019-05-22,LG이노텍,"011070",103500,500,104000,105500,102500,84444
2019-05-23,LG이노텍,"011070",96600,6900,104000,104500,96600,364924
2019-05-24,LG이노텍,"011070",96300,300,95900,98400,95200,131316
2019-05-27,LG이노텍,"011070",96900,600,95500,98000,95500,84100
2019-05-28,LG이노텍,"011070",98700,1800,96900,99300,96900,168790
2019-05-29,LG이노텍,"011070",96800,1900,98500,98500,96600,81755
2019-05-30,LG이노텍,"011070",92800,4000,96000,96200,91800,353303
2019-05-31,LG이노텍,"011070",94700,1900,92800,95500,92000,172591
2019-06-03,LG이노텍,"011070",94800,100,93900,95300,92700,117599
2019-06-04,LG이노텍,"011070",93800,1000,95300,95300,92600,124345
2019-06-05,LG이노텍,"011070",94800,1000,96200,98400,94400,200473
2019-06-07,LG이노텍,"011070",94200,600,95300,95400,93500,79270
2019-06-10,LG이노텍,"011070",95700,1500,94800,95700,94300,89437
2019-06-11,LG이노텍,"011070",98500,2800,95700,99100,95000,179414
2019-06-12,LG이노텍,"011070",98500,0,98900,99400,97600,108065
2019-06-13,LG이노텍,"011070",99700,1200,98600,100500,96600,124625
2019-06-14,LG이노텍,"011070",98100,1600,101000,101000,97400,162816
2019-06-17,LG이노텍,"011070",98100,0,98300,99400,97000,72377
2019-06-18,LG이노텍,"011070",100500,2400,99600,101500,99100,213464
2019-06-19,LG이노텍,"011070",105500,5000,104000,107000,103500,443225
2019-06-20,LG이노텍,"011070",107500,2000,106500,109500,105000,200514
2019-06-21,LG이노텍,"011070",105000,2500,108000,108500,103500,133044
2019-06-24,LG이노텍,"011070",104500,500,104500,106000,102000,98600
2019-06-25,LG이노텍,"011070",103500,1000,105000,106500,103000,120595
2019-06-26,LG이노텍,"011070",106500,3000,102500,108000,102500,148768
2019-06-27,LG이노텍,"011070",111000,4500,106000,112500,106000,253028
2019-06-28,LG이노텍,"011070",109000,2000,111000,112000,107500,136338
2019-07-01,LG이노텍,"011070",114000,5000,113000,118500,112000,262224
2019-07-02,LG이노텍,"011070",112500,1500,113000,114500,111000,89180
2019-07-03,LG이노텍,"011070",110000,2500,113000,115000,110000,122943
2019-07-04,LG이노텍,"011070",115500,5500,112000,116000,112000,164453
2019-07-05,LG이노텍,"011070",114000,1500,115500,116000,111500,155056
2019-07-08,LG이노텍,"011070",109500,4500,113500,113500,108000,189218
2019-07-09,LG이노텍,"011070",104500,5000,107500,109500,104000,252965
2019-07-10,LG이노텍,"011070",106500,2000,105500,109000,105000,132765
2019-07-11,LG이노텍,"011070",108000,1500,107500,110000,107000,201711
2019-07-12,LG이노텍,"011070",108500,500,108500,110500,106500,67224
2019-07-15,LG이노텍,"011070",110000,1500,109000,112000,109000,104290
2019-07-16,LG이노텍,"011070",112000,2000,111500,113500,111000,124377
2019-07-17,LG이노텍,"011070",109000,3000,111000,111000,107500,89985
2019-07-18,LG이노텍,"011070",108000,1000,109000,111000,108000,59824
2019-07-19,LG이노텍,"011070",114500,6500,110000,115000,110000,185406
2019-07-22,LG이노텍,"011070",114500,0,114000,116000,113000,82144
2019-07-23,LG이노텍,"011070",115000,500,116500,119000,114000,171376
2019-07-24,LG이노텍,"011070",116000,1000,117000,120000,115000,296049
2019-07-25,LG이노텍,"011070",114000,2000,116000,116500,112500,95044
2019-07-26,LG이노텍,"011070",116500,2500,114000,117500,112500,124327
2019-07-29,LG이노텍,"011070",111500,5000,116500,117000,111500,90797
2019-07-30,LG이노텍,"011070",109000,2500,111500,113000,108000,140852
2019-07-31,LG이노텍,"011070",113000,4000,109500,114000,109500,177787
2019-08-01,LG이노텍,"011070",110500,2500,111500,112000,108000,113464
2019-08-02,LG이노텍,"011070",100000,10500,106000,107000,100000,445021
2019-08-05,LG이노텍,"011070",96000,4000,100000,100500,96000,201836
2019-08-06,LG이노텍,"011070",96500,500,91000,99800,90700,214043
2019-08-07,LG이노텍,"011070",96400,100,95600,98400,94300,124036
2019-08-08,LG이노텍,"011070",99700,3300,98100,99700,95800,165411
2019-08-09,LG이노텍,"011070",98200,1500,100000,101000,98200,118043
2019-08-12,LG이노텍,"011070",99300,1100,98100,102500,97500,108169
2019-08-13,LG이노텍,"011070",98900,400,98200,100000,98200,71317
2019-08-14,LG이노텍,"011070",104500,5600,108500,108500,104000,366381
2019-08-16,LG이노텍,"011070",105500,1000,104500,106500,103000,140144
2019-08-19,LG이노텍,"011070",105500,0,106000,107000,104000,72073
2019-08-20,LG이노텍,"011070",103500,2000,106500,108000,102500,159799
2019-08-21,LG이노텍,"011070",104000,500,103000,104500,102000,62727
2019-08-22,LG이노텍,"011070",100000,4000,104000,104500,99800,158955
2019-08-23,LG이노텍,"011070",100500,500,99000,101500,98600,139118
2019-08-26,LG이노텍,"011070",94400,6100,96300,96500,92600,418067
2019-08-27,LG이노텍,"011070",97800,3400,96600,99400,96100,236695
2019-08-28,LG이노텍,"011070",97300,500,98000,98700,96700,109804
2019-08-29,LG이노텍,"011070",95300,2000,97700,98400,94800,162454
2019-08-30,LG이노텍,"011070",98500,3200,97400,101000,96900,294785
2019-09-02,LG이노텍,"011070",99100,600,98100,99900,97500,84581
2019-09-03,LG이노텍,"011070",99900,800,99000,101000,97800,131688
2019-09-04,LG이노텍,"011070",104500,4600,99600,104500,99200,188344
2019-09-05,LG이노텍,"011070",105000,500,105000,107000,103500,196381
2019-09-06,LG이노텍,"011070",103000,2000,107500,108000,102500,161255
2019-09-09,LG이노텍,"011070",99000,4000,104000,105000,98900,329386
2019-09-10,LG이노텍,"011070",101000,2000,99300,102500,99300,226748
2019-09-11,LG이노텍,"011070",101000,0,101000,102000,100000,220680
2019-09-16,LG이노텍,"011070",104000,3000,101500,104000,101500,139573
2019-09-17,LG이노텍,"011070",105500,1500,104000,106000,103000,158302
2019-09-18,LG이노텍,"011070",103500,2000,106000,106000,102000,59661
2019-01-02,기업은행,"024110",13550,500,13950,14000,13350,1546090
2019-01-03,기업은행,"024110",13650,100,13600,13750,13450,1236205
2019-01-04,기업은행,"024110",13350,300,13600,13600,13300,1301930
2019-01-07,기업은행,"024110",13300,50,13450,13600,13150,1968026
2019-01-08,기업은행,"024110",13450,150,13300,13450,13100,972156
2019-01-09,기업은행,"024110",13650,200,13450,13700,13400,800438
2019-01-10,기업은행,"024110",13550,100,13600,13700,13500,963101
2019-01-11,기업은행,"024110",13650,100,13550,13700,13450,974342
2019-01-14,기업은행,"024110",13400,250,13650,13700,13300,1053857
2019-01-15,기업은행,"024110",13700,300,13450,13750,13400,1184853
2019-01-16,기업은행,"024110",13900,200,13700,13900,13700,883356
2019-01-17,기업은행,"024110",13850,50,13950,14000,13650,939646
2019-01-18,기업은행,"024110",13750,100,13900,13950,13650,825532
2019-01-21,기업은행,"024110",13700,50,13800,13800,13650,555983
2019-01-22,기업은행,"024110",13600,100,13700,13750,13500,835059
2019-01-23,기업은행,"024110",13650,50,13650,13750,13550,1482242
2019-01-24,기업은행,"024110",13850,200,13600,13850,13600,1038611
2019-01-25,기업은행,"024110",13900,50,13750,13900,13750,814035
2019-01-28,기업은행,"024110",13850,50,13900,13950,13800,660455
2019-01-29,기업은행,"024110",13950,100,13900,13950,13800,1019353
2019-01-30,기업은행,"024110",14150,200,14000,14200,13850,1200654
2019-01-31,기업은행,"024110",14250,100,14250,14400,14100,1561298
2019-02-01,기업은행,"024110",14350,100,14250,14500,14250,1136012
2019-02-07,기업은행,"024110",14500,150,14450,14600,14250,898972
2019-02-08,기업은행,"024110",14050,450,14500,14550,13950,1762899
2019-02-11,기업은행,"024110",13900,150,14050,14100,13800,1260222
2019-02-12,기업은행,"024110",13900,0,13900,13950,13800,605671
2019-02-13,기업은행,"024110",14050,150,13950,14100,13900,987400
2019-02-14,기업은행,"024110",14100,50,14000,14100,13800,995928
2019-02-15,기업은행,"024110",14000,100,14000,14100,13900,712797
2019-02-18,기업은행,"024110",14250,250,14100,14300,14050,1025110
2019-02-19,기업은행,"024110",14050,200,14200,14250,14000,722188
2019-02-20,기업은행,"024110",14050,0,14000,14050,13850,1552496
2019-02-21,기업은행,"024110",14100,50,14000,14100,13950,843823
2019-02-22,기업은행,"024110",14000,100,14000,14100,13900,874943
2019-02-25,기업은행,"024110",14150,150,13950,14150,13950,685417
2019-02-26,기업은행,"024110",14000,150,14100,14150,13950,629914
2019-02-27,기업은행,"024110",14050,50,14000,14050,13900,520904
2019-02-28,기업은행,"024110",13950,100,14100,14100,13900,1084214
2019-03-04,기업은행,"024110",13850,100,13950,14100,13850,1318817
2019-03-05,기업은행,"024110",14000,150,13850,14000,13850,734205
2019-03-06,기업은행,"024110",13950,50,14000,14050,13850,623783
2019-03-07,기업은행,"024110",13950,0,14050,14100,13900,802744
2019-03-08,기업은행,"024110",13800,150,13900,13950,13750,613105
2019-03-11,기업은행,"024110",13950,150,13800,14050,13750,804836
2019-03-12,기업은행,"024110",14150,200,14050,14200,13950,1132691
2019-03-13,기업은행,"024110",14200,50,14150,14250,14050,836991
2019-03-14,기업은행,"024110",14200,0,14250,14300,14050,1040141
2019-03-15,기업은행,"024110",14600,400,14150,14600,14150,2078710
2019-03-18,기업은행,"024110",14650,50,14600,14700,14500,671078
2019-03-19,기업은행,"024110",14700,50,14700,14700,14500,513525
2019-03-20,기업은행,"024110",14500,200,14600,14650,14400,665007
2019-03-21,기업은행,"024110",14350,150,14400,14550,14250,770624
2019-03-22,기업은행,"024110",14200,150,14250,14300,14150,633160
2019-03-25,기업은행,"024110",14150,50,14050,14250,13950,699990
2019-03-26,기업은행,"024110",13950,200,14150,14150,13950,764279
2019-03-27,기업은행,"024110",14100,150,14050,14200,14000,440032
2019-03-28,기업은행,"024110",13950,150,14050,14100,13900,482063
2019-03-29,기업은행,"024110",14050,100,14050,14150,14000,798691
2019-04-01,기업은행,"024110",14350,300,14150,14450,14100,787277
2019-04-02,기업은행,"024110",14550,200,14400,14600,14350,638543
2019-04-03,기업은행,"024110",14550,0,14400,14600,14350,552110
2019-04-04,기업은행,"024110",14650,100,14500,14700,14500,685174
2019-04-05,기업은행,"024110",14600,50,14600,14750,14450,368432
2019-04-08,기업은행,"024110",14500,100,14550,14700,14450,412279
2019-04-09,기업은행,"024110",14450,50,14400,14600,14400,475222
2019-04-10,기업은행,"024110",14550,100,14350,14600,14250,590958
2019-04-11,기업은행,"024110",14450,100,14600,14650,14400,800178
2019-04-12,기업은행,"024110",14700,250,14500,14700,14500,483676
2019-04-15,기업은행,"024110",14600,100,14650,14750,14600,429352
2019-04-16,기업은행,"024110",14650,50,14500,14700,14500,302704
2019-04-17,기업은행,"024110",14650,0,14600,14700,14500,309591
2019-04-18,기업은행,"024110",14450,200,14700,14700,14350,549716
2019-04-19,기업은행,"024110",14450,0,14450,14550,14400,207000
2019-04-22,기업은행,"024110",14450,0,14450,14550,14400,239531
2019-04-23,기업은행,"024110",14550,100,14450,14600,14350,444600
2019-04-24,기업은행,"024110",14200,350,14500,14500,14200,753118
2019-04-25,기업은행,"024110",14300,100,14250,14350,14200,455076
2019-04-26,기업은행,"024110",14100,200,14300,14350,14100,679489
2019-04-29,기업은행,"024110",14400,300,14150,14400,14100,372229
2019-04-30,기업은행,"024110",14150,250,14300,14500,14150,631043
2019-05-02,기업은행,"024110",14450,300,14100,14450,14100,706991
2019-05-03,기업은행,"024110",14200,250,14350,14450,14200,484698
2019-05-07,기업은행,"024110",14300,100,14100,14300,14100,601914
2019-05-08,기업은행,"024110",14250,50,14200,14400,14150,502799
2019-05-09,기업은행,"024110",13900,350,14250,14300,13900,880681
2019-05-10,기업은행,"024110",14000,100,13950,14100,13950,621061
2019-05-13,기업은행,"024110",13900,100,14100,14100,13850,467721
2019-05-14,기업은행,"024110",13900,0,13900,14000,13750,790973
2019-05-15,기업은행,"024110",13950,50,13900,14050,13800,614091
2019-05-16,기업은행,"024110",14000,50,13900,14050,13850,618035
2019-05-17,기업은행,"024110",13950,50,14050,14050,13950,591250
2019-05-20,기업은행,"024110",13800,150,13950,14000,13800,549665
2019-05-21,기업은행,"024110",14000,200,13750,14000,13750,598457
2019-05-22,기업은행,"024110",13950,50,13950,14000,13800,592683
2019-05-23,기업은행,"024110",13900,50,13950,14000,13850,618258
2019-05-24,기업은행,"024110",13900,0,13850,14000,13850,523836
2019-05-27,기업은행,"024110",13900,0,13950,13950,13850,339276
2019-05-28,기업은행,"024110",13750,150,13950,13950,13750,1598572
2019-05-29,기업은행,"024110",13650,100,13850,13850,13600,732218
2019-05-30,기업은행,"024110",14000,350,13700,14000,13600,803977
2019-05-31,기업은행,"024110",13850,150,13900,13950,13750,710571
2019-06-03,기업은행,"024110",13900,50,13800,14000,13700,721226
2019-06-04,기업은행,"024110",13950,50,13900,14000,13850,614093
2019-06-05,기업은행,"024110",13850,100,14050,14050,13850,457217
2019-06-07,기업은행,"024110",13850,0,13800,13900,13800,527814
2019-06-10,기업은행,"024110",13950,100,13900,13950,13850,378464
2019-06-11,기업은행,"024110",13950,0,13950,14000,13900,444563
2019-06-12,기업은행,"024110",14000,50,14000,14100,13900,615776
2019-06-13,기업은행,"024110",13950,50,13950,14050,13750,1201675
2019-06-14,기업은행,"024110",13950,0,13900,13950,13800,517265
2019-06-17,기업은행,"024110",13900,50,13950,14000,13850,389141
2019-06-18,기업은행,"024110",14050,150,13900,14050,13900,578969
2019-06-19,기업은행,"024110",14050,0,14100,14150,14050,469120
2019-06-20,기업은행,"024110",13950,100,14150,14150,13900,739207
2019-06-21,기업은행,"024110",13900,50,13950,14050,13900,643366
2019-06-24,기업은행,"024110",13950,50,14000,14050,13950,542024
2019-06-25,기업은행,"024110",13950,0,13950,14050,13900,610855
2019-06-26,기업은행,"024110",14050,100,13900,14050,13900,496543
2019-06-27,기업은행,"024110",14050,0,14000,14150,13950,575781
2019-06-28,기업은행,"024110",14050,0,14050,14200,14050,637285
2019-07-01,기업은행,"024110",14100,50,14150,14200,14000,446892
2019-07-02,기업은행,"024110",14050,50,14000,14050,13950,510904
2019-07-03,기업은행,"024110",13800,250,14000,14050,13750,824596
2019-07-04,기업은행,"024110",13900,100,13850,13900,13750,502537
2019-07-05,기업은행,"024110",13850,50,13900,13900,13800,273295
2019-07-08,기업은행,"024110",13750,100,13800,13850,13700,506117
2019-07-09,기업은행,"024110",13650,100,13700,13800,13650,392740
2019-07-10,기업은행,"024110",13550,100,13650,13700,13550,623005
2019-07-11,기업은행,"024110",13600,50,13550,13750,13500,559027
2019-07-12,기업은행,"024110",13750,150,13650,13750,13600,526428
2019-07-15,기업은행,"024110",13900,150,13750,13900,13700,601197
2019-07-16,기업은행,"024110",13800,100,13850,13900,13700,686988
2019-07-17,기업은행,"024110",13800,0,13750,13850,13700,592604
2019-07-18,기업은행,"024110",13700,100,13750,13800,13650,504753
2019-07-19,기업은행,"024110",13800,100,13750,13800,13700,345172
2019-07-22,기업은행,"024110",13750,50,13800,13850,13700,372377
2019-07-23,기업은행,"024110",13850,100,13750,13950,13750,598915
2019-07-24,기업은행,"024110",13900,50,13850,14000,13800,894363
2019-07-25,기업은행,"024110",13700,200,13900,13950,13700,665292
2019-07-26,기업은행,"024110",13550,150,13650,13700,13550,754387
2019-07-29,기업은행,"024110",13300,250,13550,13650,13300,728390
2019-07-30,기업은행,"024110",13200,100,13400,13400,13200,471919
2019-07-31,기업은행,"024110",13150,50,13200,13300,13150,762160
2019-08-01,기업은행,"024110",13050,100,13150,13250,13050,544743
2019-08-02,기업은행,"024110",12650,400,13000,13100,12600,1042364
2019-08-05,기업은행,"024110",12600,50,12550,12750,12500,1091910
2019-08-06,기업은행,"024110",12550,50,12500,12800,12250,1506923
2019-08-07,기업은행,"024110",12600,50,12600,12700,12400,889731
2019-08-08,기업은행,"024110",12400,200,12550,12650,12400,1168693
2019-08-09,기업은행,"024110",12700,300,12500,12800,12450,691453
2019-08-12,기업은행,"024110",12450,250,12700,12700,12450,622087
2019-08-13,기업은행,"024110",12150,300,12350,12400,12100,967649
2019-08-14,기업은행,"024110",12100,50,12250,12300,12100,764468
2019-08-16,기업은행,"024110",12100,0,12050,12200,12000,637181
2019-08-19,기업은행,"024110",12350,250,12100,12400,12100,632860
2019-08-20,기업은행,"024110",12250,100,12300,12350,12200,651559
2019-08-21,기업은행,"024110",12250,0,12300,12350,12200,426267
2019-08-22,기업은행,"024110",12200,50,12300,12350,12200,925381
2019-08-23,기업은행,"024110",12150,50,12250,12250,12050,630500
2019-08-26,기업은행,"024110",11950,200,11950,12050,11850,981235
2019-08-27,기업은행,"024110",11800,150,12000,12100,11800,1340489
2019-08-28,기업은행,"024110",12000,200,11800,12050,11750,694360
2019-08-29,기업은행,"024110",12050,50,12050,12100,11900,443320
2019-08-30,기업은행,"024110",12400,350,12150,12450,12100,990163
2019-09-02,기업은행,"024110",12400,0,12350,12450,12250,340481
2019-09-03,기업은행,"024110",12300,100,12350,12450,12250,501541
2019-09-04,기업은행,"024110",12350,50,12250,12350,12200,674749
2019-09-05,기업은행,"024110",12400,50,12350,12500,12300,751555
2019-09-06,기업은행,"024110",12500,100,12400,12600,12400,723351
2019-09-09,기업은행,"024110",12700,200,12450,12800,12450,1535977
2019-09-10,기업은행,"024110",13000,300,12700,13100,12650,2108793
2019-09-11,기업은행,"024110",13300,300,12950,13300,12950,1687890
2019-09-16,기업은행,"024110",13400,100,13300,13450,13250,951627
2019-09-17,기업은행,"024110",13300,100,13250,13400,13200,844859
2019-09-18,기업은행,"024110",13200,100,13300,13400,13200,156633
2019-01-02,신라젠,"215600",73400,100,74500,76400,72700,1602082
2019-01-03,신라젠,"215600",71300,2100,73900,74300,71000,1145270
2019-01-04,신라젠,"215600",72000,700,71400,72200,70100,1143198
2019-01-07,신라젠,"215600",71500,500,73500,73500,71300,924991
2019-01-08,신라젠,"215600",70300,1200,71900,72200,70000,888230
2019-01-09,신라젠,"215600",70500,200,70700,71000,68000,1620465
2019-01-10,신라젠,"215600",72700,2200,70500,73300,70200,1418336
2019-01-11,신라젠,"215600",71500,1200,72700,73400,71000,741533
2019-01-14,신라젠,"215600",70500,1000,71000,71500,70000,654872
2019-01-15,신라젠,"215600",70500,0,70900,71300,70100,653447
2019-01-16,신라젠,"215600",69000,1500,70500,70800,68600,1135646
2019-01-17,신라젠,"215600",67100,1900,68900,70400,67000,1423191
2019-01-18,신라젠,"215600",69500,2400,67800,70000,67200,1172198
2019-01-21,신라젠,"215600",69800,300,70000,70900,68500,868192
2019-01-22,신라젠,"215600",70100,300,70200,72200,70000,1031476
2019-01-23,신라젠,"215600",69000,1100,69600,70200,68600,776394
2019-01-24,신라젠,"215600",70800,1800,68900,70900,68700,901342
2019-01-25,신라젠,"215600",71300,500,70800,71500,70000,703751
2019-01-28,신라젠,"215600",71300,0,71500,73000,70800,1053259
2019-01-29,신라젠,"215600",70900,400,71400,72100,70100,633635
2019-01-30,신라젠,"215600",71100,200,71000,71800,70200,576124
2019-01-31,신라젠,"215600",75400,4300,72400,75800,72000,2869881
2019-02-01,신라젠,"215600",74100,1300,75100,75700,73400,1030856
2019-02-07,신라젠,"215600",73200,900,73600,73800,71800,1012819
2019-02-08,신라젠,"215600",73400,200,72900,74800,72800,779175
2019-02-11,신라젠,"215600",73800,400,73900,74900,73500,1080132
2019-02-12,신라젠,"215600",72500,1300,74400,74400,72400,728338
2019-02-13,신라젠,"215600",72300,200,73100,73500,72100,630400
2019-02-14,신라젠,"215600",71400,900,72200,73000,70900,915736
2019-02-15,신라젠,"215600",74200,2800,71600,76700,69800,3250755
2019-02-18,신라젠,"215600",74300,100,74900,76100,74100,1458663
2019-02-19,신라젠,"215600",73500,800,75700,76500,73300,1735865
2019-02-20,신라젠,"215600",73500,0,73500,74400,73000,796959
2019-02-21,신라젠,"215600",73400,100,73700,74400,73200,628266
2019-02-22,신라젠,"215600",72000,1400,72900,73500,71800,842080
2019-02-25,신라젠,"215600",73300,1300,72100,73900,71500,799032
2019-02-26,신라젠,"215600",72800,500,73600,74400,72800,659441
2019-02-27,신라젠,"215600",73500,700,72700,73800,72300,555903
2019-02-28,신라젠,"215600",74300,800,74200,76000,71300,2467512
2019-03-04,신라젠,"215600",78100,3800,75900,78300,74700,2202388
2019-03-05,신라젠,"215600",78500,400,77900,80100,77400,1879761
2019-03-06,신라젠,"215600",76900,1600,78800,78900,76200,1198166
2019-03-07,신라젠,"215600",74900,2000,76200,77400,74400,894843
2019-03-08,신라젠,"215600",74700,200,74400,75800,74200,591359
2019-03-11,신라젠,"215600",75100,400,74400,75600,72700,759117
2019-03-12,신라젠,"215600",73800,1300,76300,79000,68700,6136865
2019-03-13,신라젠,"215600",68300,5500,74000,74100,66800,5813047
2019-03-14,신라젠,"215600",68300,0,68300,70700,68300,2058016
2019-03-15,신라젠,"215600",65900,2400,68300,68300,64100,4106283
2019-03-18,신라젠,"215600",66500,600,67500,68200,66200,1429222
2019-03-19,신라젠,"215600",66600,100,66800,68100,66300,1204663
2019-03-20,신라젠,"215600",67800,1200,68900,69500,66900,1796494
2019-03-21,신라젠,"215600",67400,400,67300,68600,67200,901242
2019-03-22,신라젠,"215600",69200,1800,67900,70400,67700,1820397
2019-03-25,신라젠,"215600",67800,1400,68300,68900,67000,803413
2019-03-26,신라젠,"215600",67300,500,68400,68400,67000,571438
2019-03-27,신라젠,"215600",64500,2800,67300,67800,63500,1334611
2019-03-28,신라젠,"215600",62900,1600,63600,64800,62200,1102781
2019-03-29,신라젠,"215600",64300,1400,62900,64600,61700,981823
2019-04-01,신라젠,"215600",64700,400,63200,64900,63000,617620
2019-04-02,신라젠,"215600",64400,300,65200,65600,64100,487967
2019-04-03,신라젠,"215600",65900,1500,64800,65900,63600,743741
2019-04-04,신라젠,"215600",65800,100,66200,66600,65000,458042
2019-04-05,신라젠,"215600",64800,1000,65800,65800,64500,467645
2019-04-08,신라젠,"215600",64300,500,65000,65200,64000,426970
2019-04-09,신라젠,"215600",65600,1300,64100,65600,64000,629025
2019-04-10,신라젠,"215600",65600,0,65300,65800,64600,391809
2019-04-11,신라젠,"215600",66000,400,65700,66400,65100,427254
2019-04-12,신라젠,"215600",65400,600,65600,65900,65200,269826
2019-04-15,신라젠,"215600",64800,600,65400,65400,64600,428310
2019-04-16,신라젠,"215600",64800,0,65000,65100,64000,445203
2019-04-17,신라젠,"215600",64800,0,64800,65000,64300,317578
2019-04-18,신라젠,"215600",62900,1900,64600,64700,62500,630625
2019-04-19,신라젠,"215600",63100,200,62500,63900,62500,471030
2019-04-22,신라젠,"215600",64900,1800,63900,66500,63600,1030853
2019-04-23,신라젠,"215600",65200,300,65500,65800,64500,405004
2019-04-24,신라젠,"215600",64900,300,65600,66300,64300,396478
2019-04-25,신라젠,"215600",63800,1100,64800,64900,63300,369525
2019-04-26,신라젠,"215600",63400,400,63000,64200,63000,353959
2019-04-29,신라젠,"215600",64200,800,63100,64300,63100,295299
2019-04-30,신라젠,"215600",65400,1200,64200,65900,63700,624271
2019-05-02,신라젠,"215600",63800,1600,65100,65600,63800,492252
2019-05-03,신라젠,"215600",63800,0,63800,65100,63300,421160
2019-05-07,신라젠,"215600",62700,1100,63000,63500,62700,414906
2019-05-08,신라젠,"215600",61000,1700,62000,65200,60300,1625296
2019-05-09,신라젠,"215600",57800,3200,60900,61500,57700,1237743
2019-05-10,신라젠,"215600",57400,400,57500,59000,56300,881053
2019-05-13,신라젠,"215600",55900,1500,56400,57700,55900,534330
2019-05-14,신라젠,"215600",54800,1100,54300,56200,53600,995092
2019-05-15,신라젠,"215600",56000,1200,55300,56600,54900,541148
2019-05-16,신라젠,"215600",55900,100,56000,57800,55400,558762
2019-05-17,신라젠,"215600",56000,100,56700,57500,55900,390539
2019-05-20,신라젠,"215600",54000,2000,56000,57000,53700,499445
2019-05-21,신라젠,"215600",55300,1300,54200,55900,53700,560568
2019-05-22,신라젠,"215600",57000,1700,55800,57400,55800,492901
2019-05-23,신라젠,"215600",55700,1300,57700,57900,55600,372195
2019-05-24,신라젠,"215600",56000,300,55100,56500,54400,375840
2019-05-27,신라젠,"215600",55000,1000,56300,56600,54500,302544
2019-05-28,신라젠,"215600",57100,2100,54900,57200,54900,499593
2019-05-29,신라젠,"215600",54600,2500,56500,56800,54100,619613
2019-05-30,신라젠,"215600",53100,1500,54800,55200,52400,686069
2019-05-31,신라젠,"215600",55000,1900,52700,55400,52600,554425
2019-06-03,신라젠,"215600",55600,600,54800,56300,54000,405661
2019-06-04,신라젠,"215600",55500,100,55400,56300,55000,298104
2019-06-05,신라젠,"215600",54800,700,57000,57100,54200,405303
2019-06-07,신라젠,"215600",54500,300,54900,55200,53900,295567
2019-06-10,신라젠,"215600",54200,300,54800,54900,53900,374375
2019-06-11,신라젠,"215600",55900,1700,54100,56100,54000,500799
2019-06-12,신라젠,"215600",56100,200,56000,56200,55000,391494
2019-06-13,신라젠,"215600",55900,200,56000,56500,55500,670254
2019-06-14,신라젠,"215600",56800,900,56100,59400,55800,985343
2019-06-17,신라젠,"215600",56700,100,57500,58500,56600,421203
2019-06-18,신라젠,"215600",55400,1300,57000,57400,55000,495082
2019-06-19,신라젠,"215600",56000,600,55900,56400,55200,331231
2019-06-20,신라젠,"215600",57700,1700,56100,57900,56100,487092
2019-06-21,신라젠,"215600",56800,900,58000,58300,56500,336601
2019-06-24,신라젠,"215600",56600,200,56900,57000,56100,216091
2019-06-25,신라젠,"215600",57300,700,56600,58200,56100,423201
2019-06-26,신라젠,"215600",57000,300,57100,58100,56800,354276
2019-06-27,신라젠,"215600",52300,4700,57000,57300,48700,1890261
2019-06-28,신라젠,"215600",49400,2900,51400,52000,49300,2035396
2019-07-01,신라젠,"215600",50900,1500,49100,52000,49100,1127656
2019-07-02,신라젠,"215600",49000,1900,50800,51200,48450,991961
2019-07-03,신라젠,"215600",48900,100,48650,49650,48550,459788
2019-07-04,신라젠,"215600",46600,2300,47950,48300,46200,1182895
2019-07-05,신라젠,"215600",49500,2900,46600,49700,46600,878557
2019-07-08,신라젠,"215600",47300,2200,49250,49400,47300,588438
2019-07-09,신라젠,"215600",42000,5300,46000,46750,42000,2844106
2019-07-10,신라젠,"215600",44800,2800,41800,47800,40050,5591892
2019-07-11,신라젠,"215600",44800,0,45600,45600,43800,841944
2019-07-12,신라젠,"215600",45150,350,44800,45800,44350,608214
2019-07-15,신라젠,"215600",43800,1350,44150,44600,43550,618465
2019-07-16,신라젠,"215600",45500,1700,43800,47550,43800,1608122
2019-07-17,신라젠,"215600",46450,950,45350,47500,44800,1102298
2019-07-18,신라젠,"215600",46400,50,46950,47200,45700,585475
2019-07-19,신라젠,"215600",49000,2600,46700,49150,46600,1392720
2019-07-22,신라젠,"215600",49550,550,49350,51500,49150,974148
2019-07-23,신라젠,"215600",48800,750,49700,50400,48300,766791
2019-07-24,신라젠,"215600",48450,350,49000,50400,48000,605484
2019-07-25,신라젠,"215600",48250,200,48200,49100,48100,387837
2019-07-26,신라젠,"215600",47000,1250,48150,48600,46100,776439
2019-07-29,신라젠,"215600",45700,1300,46500,47500,45700,506952
2019-07-30,신라젠,"215600",44000,1700,45750,46800,41300,1011979
2019-07-31,신라젠,"215600",44250,250,44100,45250,42100,1208576
2019-08-01,신라젠,"215600",44550,300,44600,45450,43800,664665
2019-08-02,신라젠,"215600",31200,13350,31200,31200,31200,217818
2019-08-05,신라젠,"215600",21850,9350,21850,21850,21850,235177
2019-08-06,신라젠,"215600",15300,6550,15300,17850,15300,45303581
2019-08-07,신라젠,"215600",14200,1100,15850,16300,12600,43331944
2019-08-08,신라젠,"215600",14650,450,14700,15350,14150,17472876
2019-08-09,신라젠,"215600",13950,700,14900,15000,13750,8772205
2019-08-12,신라젠,"215600",14900,950,13700,15250,13350,14536209
2019-08-13,신라젠,"215600",14450,450,14700,15200,14350,5494896
2019-08-14,신라젠,"215600",13600,850,14650,14800,13400,6457273
2019-08-16,신라젠,"215600",13600,0,13150,14200,12750,6895919
2019-08-19,신라젠,"215600",13500,100,13900,14050,13400,2454388
2019-08-20,신라젠,"215600",13650,150,13450,13850,13350,2696297
2019-08-21,신라젠,"215600",13800,150,13650,14150,13500,3746065
2019-08-22,신라젠,"215600",14600,800,14050,15150,14000,10528454
2019-08-23,신라젠,"215600",15000,400,14350,15550,14350,9862603
2019-08-26,신라젠,"215600",13700,1300,14750,14900,13700,6127881
2019-08-27,신라젠,"215600",12850,850,13800,14100,12650,5958254
2019-08-28,신라젠,"215600",10350,2500,12850,13150,9000,42750442
2019-08-29,신라젠,"215600",10200,150,10400,10950,10100,11217844
2019-08-30,신라젠,"215600",10500,300,10500,10800,10250,5269126
2019-09-02,신라젠,"215600",12050,1550,10650,12600,10500,17028457
2019-09-03,신라젠,"215600",11750,300,12200,13300,11450,12287296
2019-09-04,신라젠,"215600",12400,650,12000,12400,11750,5070808
2019-09-05,신라젠,"215600",12250,150,12650,12700,12000,3468035
2019-09-06,신라젠,"215600",11800,450,12350,12400,11700,2398999
2019-09-09,신라젠,"215600",11350,450,11700,11750,11250,2333340
2019-09-10,신라젠,"215600",11700,350,11350,11950,11300,2753823
2019-09-11,신라젠,"215600",11500,200,11750,11800,11350,1984324
2019-09-16,신라젠,"215600",11700,200,11600,11800,11300,1749718
2019-09-17,신라젠,"215600",11750,50,11600,12100,11500,2898166
2019-09-18,신라젠,"215600",11700,50,11850,11900,11650,623834
